,id
0,mp-1056857
1,mp-1057017
2,mp-1060502
3,mp-1064497
4,mp-1064979
5,mp-1066821
6,mp-1066872
7,mp-1067139
8,mp-1067627
9,mp-1067933
10,mp-1067920
11,mp-1068359
12,mp-1068583
13,mp-1070147
14,mp-1071288
15,mp-1072320
16,mp-1077196
17,mp-1077231
18,mp-1077266
19,mp-1077821
20,mp-1077985
21,mp-1078452
22,mp-1078998
23,mp-1079177
24,mp-1079281
25,mp-1079299
26,mp-1079878
27,mp-1079898
28,mp-1080445
29,mp-1080472
30,mp-1080514
31,mp-1080536
32,mp-1091399
33,mp-1091418
34,mp-1093989
35,mp-1095040
36,mp-1095064
37,mp-1100423
38,mp-1101606
39,mp-1101684
40,mp-1110997
41,mp-1112172
42,mp-1112173
43,mp-1173040
44,mp-1173084
45,mp-1178826
46,mp-1179357
47,mp-1179680
48,mp-1179693
49,mp-1179768
50,mp-1179840
51,mp-1180066
52,mp-1180221
53,mp-1180216
54,mp-1180659
55,mp-1180998
56,mp-1181188
57,mp-1181994
58,mp-1182053
59,mp-1182345
60,mp-1224855
61,mp-1235796
62,mp-1235708
63,mp-1235877
64,mp-1236246
65,mp-1236187
66,mp-1247757
67,mp-1253501
68,mp-1253491
69,mp-1267691
70,mp-1271295
71,mp-1271562
72,mp-1271286
73,mp-1271693
74,mp-1271679
75,mp-1274544
76,mp-1275414
77,mp-1276338
78,mp-1279742
79,mp-1279979
80,mp-1281224
81,mp-1285046
82,mp-1286074
83,mp-1286995
84,mp-1297083
85,mp-1308540
86,mp-1320002
87,mp-1538990
88,mp-1539213
89,mp-1539330
90,mp-1539819
91,mp-1539332
92,mp-1540855
93,mp-1540758
94,mp-1541531
95,mp-1541180
96,mp-1542401
97,mp-1541477
98,mp-1542604
99,mp-1542727
100,mp-1542973
101,mp-1543154
102,mp-20889
103,mp-571185
104,mp-743839
105,mp-867133
106,mp-867161
107,mp-867192
108,mp-867194
109,mp-867168
110,mp-867205
111,mp-867231
112,mp-867247
113,mp-867261
114,mp-867303
115,mp-867300
116,mp-867335
117,mp-867339
118,mp-867355
119,mp-867699
120,mp-867695
121,mp-867689
122,mp-867712
123,mp-867703
124,mp-867785
125,mp-867875
126,mp-867893
127,mp-867891
128,mp-961700
129,mp-978857
130,mvc-10026
131,mvc-10014
132,mvc-10012
133,mvc-10024
134,mvc-10862
135,mvc-10078
136,mvc-10009
137,mvc-10021
138,mvc-10007
139,mvc-10016
140,mvc-10039
141,mvc-10916
142,mvc-10923
143,mvc-10954
144,mvc-10883
145,mvc-10966
146,mvc-10952
147,mvc-10882
148,mvc-11038
149,mvc-11070
150,mvc-11096
151,mvc-11097
152,mvc-11047
153,mvc-11154
154,mvc-11052
155,mvc-11226
156,mvc-11155
157,mvc-11225
158,mvc-11196
159,mvc-11198
160,mvc-11229
161,mvc-11162
162,mvc-11234
163,mvc-11233
164,mvc-11221
165,mvc-11152
166,mvc-11231
167,mvc-11235
168,mvc-11360
169,mvc-11241
170,mvc-11548
171,mvc-11544
172,mvc-11457
173,mvc-11573
174,mvc-11598
175,mvc-11224
176,mvc-11775
177,mvc-11541
178,mvc-11697
179,mvc-11730
180,mvc-11686
181,mvc-11768
182,mvc-11693
183,mvc-12866
184,mvc-11600
185,mvc-11732
186,mvc-1211
187,mvc-12771
188,mvc-13133
189,mvc-13140
190,mvc-13391
191,mvc-13408
192,mvc-13303
193,mvc-13245
194,mvc-13410
195,mvc-13436
196,mvc-13442
197,mvc-13110
198,mvc-13445
199,mvc-13426
200,mvc-13450
201,mvc-13461
202,mvc-13470
203,mvc-13555
204,mvc-13496
205,mvc-13455
206,mvc-13472
207,mvc-13487
208,mvc-13598
209,mvc-13651
210,mvc-13694
211,mvc-13729
212,mvc-13742
213,mvc-13730
214,mvc-13772
215,mvc-13757
216,mvc-13808
217,mvc-13747
218,mvc-13836
219,mvc-13841
220,mvc-13889
221,mvc-13905
222,mvc-13927
223,mvc-14177
224,mvc-13940
225,mvc-14047
226,mvc-13958
227,mvc-14243
228,mvc-14314
229,mvc-14624
230,mvc-14685
231,mvc-13850
232,mvc-14626
233,mvc-14665
234,mvc-14645
235,mvc-14553
236,mvc-14600
237,mvc-14574
238,mvc-14678
239,mvc-14721
240,mvc-14925
241,mvc-14713
242,mvc-14934
243,mvc-14834
244,mvc-14991
245,mvc-14755
246,mvc-14949
247,mvc-14413
248,mvc-15141
249,mvc-15230
250,mvc-15365
251,mvc-15351
252,mvc-15427
253,mvc-15370
254,mvc-15387
255,mvc-15448
256,mvc-15384
257,mvc-15452
258,mvc-15474
259,mvc-15457
260,mvc-15523
261,mvc-15476
262,mvc-15532
263,mvc-15478
264,mvc-15521
265,mvc-15475
266,mvc-15578
267,mvc-15603
268,mvc-15677
269,mvc-14940
270,mvc-15605
271,mvc-15604
272,mvc-15664
273,mvc-15728
274,mvc-15702
275,mvc-15239
276,mvc-15736
277,mvc-15744
278,mvc-15840
279,mvc-15834
280,mvc-15856
281,mvc-15846
282,mvc-15849
283,mvc-15785
284,mvc-15861
285,mvc-15892
286,mvc-15971
287,mvc-16010
288,mvc-16021
289,mvc-15907
290,mvc-16029
291,mvc-15694
292,mvc-15968
293,mvc-16096
294,mvc-15707
295,mvc-16450
296,mvc-16255
297,mvc-15843
298,mvc-16811
299,mvc-16803
300,mvc-2137
301,mvc-2158
302,mvc-3135
303,mvc-3272
304,mvc-3451
305,mvc-3449
306,mvc-3524
307,mvc-5744
308,mvc-5693
309,mvc-5676
310,mvc-3478
311,mvc-3500
312,mvc-5756
313,mvc-5801
314,mvc-3515
315,mvc-5731
316,mvc-5774
317,mvc-6945
318,mvc-6946
319,mvc-6929
320,mvc-6948
321,mvc-6931
322,mvc-6936
323,mvc-7049
324,mvc-7053
325,mvc-7052
326,mvc-7054
327,mvc-7056
328,mvc-7191
329,mvc-7057
330,mvc-7055
331,mvc-7058
332,mvc-7260
333,mvc-7253
334,mvc-7194
335,mvc-7198
336,mvc-7216
337,mvc-7237
338,mvc-7210
339,mvc-7244
340,mvc-7665
341,mvc-7369
342,mvc-7666
343,mvc-7203
344,mvc-7206
345,mvc-7248
346,mvc-7668
347,mvc-7673
348,mvc-7676
349,mvc-7687
350,mvc-7677
351,mvc-7688
352,mvc-7698
353,mvc-7747
354,mvc-7682
355,mvc-863
356,mvc-7696
357,mvc-7692
